pop_density,indicadores_t3.total_rango_3,indicadores_t4.total_lnac_2,indicadores_t4.total_lnac_3,indicadores_t4.total_lnac_4,indicadores_t4.total_lnac_5,indicadores_t4.total_lnac_7,indicadores_t10.total_casados,indicadores_t12.total_estudios_g3,shopping,food,leisure,health,parking,education,station,tree
14107.20504,18.86250361,3.032772233,-1.079001482,0.845621291,8.533066841,-0.417504162,3.715479653,29.33627488,-7.301860592,-6.805133371,-8.488682693,0.000636467,0.000100527,0.000331073,-6.340847545,53.98636708
9781.206741,3.546235295,0.864947661,0.470296049,0.482277564,2.918388245,0.616727725,0.103779711,11.86063554,0.853751786,0.957754206,0.605191052,0.00019372,9.25E-05,9.53E-05,0.308623267,46.2489634